﻿Date,Name,Stadium,Location,Latitude,Longitude
3.06,ריטה רמי - המופע המשותף,היכל התרבות,תל אביב,32.0852997,34.7818064
3.06,ואלס לאוונס,מועדון שבלול,תל אביב,32.0852997,34.7818064
3.06,טריפונס,תיאטרון ירושלים,ירושלים,31.78847185,35.21879441
3.06,הכתובה - בכיכובו של שלמה בראבא,המשכן לאמנויות הבמה,אשדוד,31.7977314,34.6529922
3.06,איתי לוי,אמפי,קיסריה,32.505968,34.90621508
3.06,איתי לוי,אמפי,קיסריה,32.505968,34.90621508
3.06,שי צברי,גריי,תל אביב,32.0852997,34.7818064
4.06,מחווה לניל יאנג - Rusties,מועדון שבלול,תל אביב,32.0852997,34.7818064
4.06,מושיקו מור,אמפי,קיסריה,32.505968,34.90621508
4.06,חנן בן ארי,היכל התרבות,פתח תקווה,32.0877639,34.8859985
4.06,הפרויקט של רביבו,זאפה הרצליה,הרצליה,32.1676842,34.83082794
5.06,אלתרמן ותרצה שלא הכרתם,מועדון שבלול,תל אביב,32.0852997,34.7818064
5.06,רד בנד,בארבי,תל אביב,32.0852997,34.7818064
5.06,ווקה פיפל,בית האופרה,תל אביב,32.0852997,34.7818064
5.06,שולי רנד,זאפה הרצליה,הרצליה,32.1676842,34.83082794
5.06,איציק קלה,גריי,יהוד,32.0331756,34.8907527
6.06,שלמה ארצי,אמפי פארק,באר שבע,31.25088285,34.79128035
6.06,הבלוז אנד בוז - אלוויס,מועדון שבלול,תל אביב,32.0852997,34.7818064
6.06,אתניקס,בארבי,תל אביב,32.0852997,34.7818064
6.06,פלד,וונדרבר,חיפה,32.8191218,34.9983856
6.06,הבלוז אנד בוז - אלוויס,מועדון שבלול,תל אביב,32.0852997,34.7818064
6.06,עדן בן זקן,אמפי,קיסריה,32.505968,34.90621508
6.06,מופע המחווה לשלמה ארצי,בר גיורא,תל אביב,32.0852997,34.7818064
6.06,תמיר בר,תמוז - בית ליצירה מוזיקלית,באר שבע,31.25088285,34.79128035
6.06,טיפקס,זאפה אמפי שוני,בנימינה,32.5202891,34.9435862
6.06,מארק אליהו,מיני ישראל,לטרון,31.8303661,34.9645653
6.06,שולי רנד,מערת צדקיהו,ירושלים,31.78847185,35.21879441
6.06,עופר לוי,זאפה ירושלים,ירושלים,31.78847185,35.21879441
6.06,רוקוויל - מחווה לקווין,בית גבריאל,טבריה,32.782996,35.52060594
6.06,עדי אברהמי,גריי,תל אביב,32.0852997,34.7818064
6.06,וייב איש,מיוזיק סיטי,באר שבע,31.25088285,34.79128035
6.06,חיים משה,גריי,מודיעין,31.89527805,34.98923113
7.06,אהרלה קמינסקי מארח,מועדון שבלול,תל אביב,32.0852997,34.7818064
7.06,דניאלה ספקטור,זאפה הרצליה,הרצליה,32.1676842,34.83082794
7.06,אליעד נחום,זאפה חיפה,חיפה,32.8191218,34.9983856
7.06,גידי גוב,גריי,מודיעין,31.89527805,34.98923113
7.06,יוני רכטר,זאפה אמפי שוני,בנימינה,32.5202891,34.9435862
7.06,רוי יאנג שר ג'יימס בראון,מועדון שבלול,תל אביב,32.0852997,34.7818064
7.06,מרסדס בנד,בארבי,תל אביב,32.0852997,34.7818064
7.06,שומרי המלכה - המחווה הטובה בארץ לקווין ופרדי מרקיורי,הוואנה מיוזיק קלאב,תל אביב,32.0852997,34.7818064
7.06,שומרי המלכה - המחווה הטובה בארץ לקווין ופרדי מרקיורי,הוואנה מיוזיק קלאב,תל אביב,32.0852997,34.7818064
7.06,דני סנדרסון,גריי,יהוד,32.0331756,34.8907527
7.06,הביטלס באקוסטי,בר גיורא,תל אביב,32.0852997,34.7818064
8.06,ילדי בית העץ,זאפה חיפה,חיפה,32.8191218,34.9983856
8.06,ג'יין בורדו,זאפה אמפי שוני,בנימינה,32.5202891,34.9435862
8.06,לולה מארש,בארבי,תל אביב,32.0852997,34.7818064
8.06,נגה ארז,בארבי,תל אביב,32.0852997,34.7818064
8.06,שלישיית ארי ערב עם עמית פרידמן,מועדון שבלול,תל אביב,32.0852997,34.7818064
8.06,חוה אלברשטיין,היכל אמנויות הבמה,הרצליה,32.1676842,34.83082794
8.06,שלומי סרנגה,זאפה חיפה,חיפה,32.8191218,34.9983856
8.06,חפלה מרוקאית עם אריק משעלי ולהקתו,פאב הפרה,שבי ציון,32.980597,35.0832938
8.06,עושות שורשים - ירדנה ארזי ואודיה קורן,היכל התרבות,איירפורט סיטי,31.9889356,34.91283166
8.06,הפיל הכחול,הצוללת הצהובה,ירושלים,31.78847185,35.21879441
8.06,רוקוויל - מחווה לאבבא,גריי תל אביב,תל אביב,32.0852997,34.7818064
8.06,שלומי סרנגה,זאפה חיפה,חיפה,32.8191218,34.9983856
9.06,השירים של אלונה טוראל,מועדון שבלול,תל אביב,32.0852997,34.7818064
9.06,אלון עדר,ג'מס,רחובות,31.8930644,34.80340933
10.06,תזמורת ירושלים מזרח ומערב עם טריפונס,המשכן לאמנויות הבמה,באר שבע,31.25088285,34.79128035
10.06,קובי פרץ,גני יהושע,תל אביב,32.0852997,34.7818064
10.06,תומר ישעיהו,בארבי,תל אביב,32.0852997,34.7818064
10.06,תזמורת ירושלים מזרח ומערב עם טריפונס,המשכן לאמנויות הבמה,באר שבע,31.25088285,34.79128035
10.06,קובי פרץ,גני יהושע,תל אביב,32.0852997,34.7818064
10.06,ברי סחרוף,אמפיתאטרון,עומר,31.2659365,34.847616
10.06,אברהם טל,אמפי,קיסריה,32.505968,34.90621508
10.06,"שרים החלונות הגבוהים - אסף אמדורסקי, שלומי שבן, יעל קראוס",זאפה אמפי שוני,בנימינה,32.5202891,34.9435862
10.06,תמיר בר,צוותא,תל אביב,32.0852997,34.7818064
10.06,אביתר בנאי,גריי,מודיעין,31.89527805,34.98923113
10.06,מאור כהן,גריי,תל אביב,32.0852997,34.7818064
10.06,רוקוויל,גריי,יהוד,32.0331756,34.8907527
12.06,ZurHub - חמישיית מתן קליין וחזי חאיט,מועדון שבלול,תל אביב,32.0852997,34.7818064
12.06,הדר נויברג - קווארטט חדש,מועדון שבלול,תל אביב,32.0852997,34.7818064
12.06,אסף אבידן,היכל התרבות,תל אביב,32.0852997,34.7818064
12.06,אמיר דדון,זאפה אמפי שוני,בנימינה,32.5202891,34.9435862
12.06,גיא ויהל,המשכן לאמנויות הבמה,נס ציונה,31.923249,34.79666605
12.06,"מחווה לרולינג סטונס - להקת ה""סאטיספאקשנס"" -",הוואנה מיוזיק קלאב,תל אביב,32.0852997,34.7818064
12.06,ספיישל שבועות - חגיגה עברית עם להקת רוקאסט,הוואנה מיוזיק קלאב,תל אביב,32.0852997,34.7818064
12.06,אמיר דדון,זאפה אמפי שוני,בנימינה,32.5202891,34.9435862
12.06,ברי סחרוף,זאפה חיפה,חיפה,32.8191218,34.9983856
12.06,משה להב,גריי,תל אביב,32.0852997,34.7818064
13.06,אייל גולן,אצטדיון בלומפילד,תל אביב,32.0852997,34.7818064
13.06,דודו טסה,בארבי,תל אביב,32.0852997,34.7818064
13.06,"הקבינט הנשי - מיקי קם, משי קליינשטיין, טלי אורן",תאטרון הסינמה סיטי,באר שבע,31.25088285,34.79128035
13.06,שלישיית טוקאן,מועדון שבלול,תל אביב,32.0852997,34.7818064
13.06,ריטה,אמפי,קיסריה,32.505968,34.90621508
13.06,חיים משה,אודיטוריום,ירושלים,31.78847185,35.21879441
13.06,איזי,זאפה אמפי שוני,בנימינה,32.5202891,34.9435862
13.06,מארק אליהו,תיאטרון ירושלים,ירושלים,31.78847185,35.21879441
13.06,"שרים החלונות הגבוהים - אסף אמדורסקי, שלומי שבן, יעל קראוס",מיני ישראל,לטרון,31.8303661,34.9645653
13.06,דנה ברגר,היכל התרבות,תל אביב,32.0852997,34.7818064
13.06,עמיר בניון,זאפה ירושלים,ירושלים,31.78847185,35.21879441
13.06,״ביטלס לנצח״ | מופע מחווה לביטלס,מועדון הביט,חיפה,32.8191218,34.9983856
13.06,שמעון בוסקילה,זאפה חיפה,חיפה,32.8191218,34.9983856
13.06,ישי לוי,גריי,מודיעין,31.89527805,34.98923113
13.06,גיא מזיג,גריי,יהוד,32.0331756,34.8907527
13.06,בועז שרעבי,גריי,תל אביב,32.0852997,34.7818064
13.06,רוקוויל,זאפה תל אביב,תל אביב,32.0852997,34.7818064
14.06,לפני שבת- מחווה ללהקת כוורת,בית העם,רחובות,31.8930644,34.80340933
14.06,ברי סחרוף,זאפה הרצליה,הרצליה,32.1676842,34.83082794
14.06,הפרויקט של רביבו,האנגר 11,תל אביב,32.0852997,34.7818064
14.06,אנסמבל סייהר אל מקאם,מועדון שבלול,תל אביב,32.0852997,34.7818064
14.06,עינת שרוף,זאפה תל אביב,תל אביב,32.0852997,34.7818064
14.06,מוניקה סקס,גריי,מודיעין,31.89527805,34.98923113
14.06,שלומי סרנגה - יאסו!,הפארק האקולוגי,הוד השרון,32.1561974,34.8930354
14.06,דני סנדרסון,זאפה אמפי שוני,בנימינה,32.5202891,34.9435862
14.06,דודו טסה,בארבי,תל אביב,32.0852997,34.7818064
14.06,רביעיית אילן סאלם | ברט בכרך,מועדון שבלול,תל אביב,32.0852997,34.7818064
14.06,קלאסה - ציפורלה,תיאטרון הצפון,קריית חיים,32.817907,35.077964
14.06,שלמה גרוניך,זאפה חיפה,חיפה,32.8191218,34.9983856
14.06,המחווה לשלמה ארצי - רוקט,הוואנה מיוזיק קלאב,תל אביב,32.0852997,34.7818064
14.06,פלד,רידינג 3,תל אביב,32.0852997,34.7818064
15.06,D.N.A - מיומנה לכל המשפחה,סינמה סיטי גלילות,רמת השרון,32.1348552,34.8301995
15.06,עלמה זהר,זאפה הרצליה,הרצליה,32.1676842,34.83082794
15.06,ענן על מקל,זאפה חיפה,חיפה,32.8191218,34.9983856
15.06,רמי קלינשטיין,זאפה אמפי שוני,בנימינה,32.5202891,34.9435862
15.06,יהודה פוליקר ותיסלם,אמפי,קיסריה,32.505968,34.90621508
15.06,לולה מארש,בארבי,תל אביב,32.0852997,34.7818064
15.06,היהלומים שבכתר - בהנחיית דן כנר ולהקת מוזס סי,אודיטוריום חיפה,חיפה,32.8191218,34.9983856
15.06,מוזס סי,אודיטוריום,חיפה,32.8191218,34.9983856
15.06,ליאור סושרד,גני יהושע,תל אביב,32.0852997,34.7818064
15.06,אייל גולן,אצטדיון בלומפילד,תל אביב,32.0852997,34.7818064
15.06,מוזס סי,אודיטוריום,חיפה,32.8191218,34.9983856
15.06,ליאור סושרד,גני יהושע,תל אביב,32.0852997,34.7818064
15.06,אייל גולן,אצטדיון בלומפילד,תל אביב,32.0852997,34.7818064
15.06,ברי סחרוף,אולם מופעים,קיבוץ גבעת ברנר,,
15.06,"הקבינט הנשי - מיקי קם, משי קליינשטיין, טלי אורן",היכל התרבות,כפר סבא,32.18023485,34.9180542
15.06,עכשיו ביחד- ששי קשת שלומית אהרון ודורי בן זאב,היכל התרבות,אשקלון,31.6644874,34.5730157
15.06,מתי כספי,גריי,יהוד,32.0331756,34.8907527
16.06,אייל גולן,אצטדיון בלומפילד,תל אביב,32.0852997,34.7818064
16.06,אביב גדג',בארבי,תל אביב,32.0852997,34.7818064
16.06,גיל שוחט מארח את טלי אורן וקרן הדר,היכל התרבות,נתניה,32.3286181,34.8566246
16.06,נמרוד הראל,זאפה חיפה,חיפה,32.8191218,34.9983856
16.06,הפרויקט של רביבו,גריי,מודיעין,31.89527805,34.98923113
17.06,יאיר דלאל ולהקה טובה,מועדון שבלול,תל אביב,32.0852997,34.7818064
17.06,מארק אליהו,תיאטרון ירושלים,ירושלים,31.78847185,35.21879441
17.06,אסף אבידן,תיאטרון ירושלים,ירושלים,31.78847185,35.21879441
17.06,חיים משה,גריי,יהוד,32.0331756,34.8907527
18.06,אייל גולן,אצטדיון בלומפילד,תל אביב,32.0852997,34.7818064
18.06,לינט,תיאטרון גבעתיים,גבעתיים,32.0624699,34.8120305
18.06,עידן רייכל,אמפי,קיסריה,32.505968,34.90621508
18.06,טריפונס,תיאטרון גבעתיים,גבעתיים,32.0624699,34.8120305
18.06,הדייטריפרס | מחווה לביטלס,מועדון שבלול,תל אביב,32.0852997,34.7818064
18.06,רונה קינן,בארבי,תל אביב,32.0852997,34.7818064
18.06,חיים איפרגן,גני יהושע,תל אביב,32.0852997,34.7818064
19.06,עידן רייכל,אמפי,קיסריה,32.505968,34.90621508
19.06,אסף אמדורסקי,בארבי,תל אביב,32.0852997,34.7818064
19.06,אביהו פנחסוב,זאפה אמפי שוני,בנימינה,32.5202891,34.9435862
19.06,גיל שוחט מארח את להקת שלוה,בית העם,רחובות,31.8930644,34.80340933
19.06,תפילה תל אביבית | יוני רכטר עם רוני קובן על הכתיבה עם עלי מוהר,"אודיטוריום סלע, מכון ויצמן",רחובות,31.8930644,34.80340933
19.06,גלי עטרי,היכל התרבות,תל אביב,32.0852997,34.7818064
19.06,שלומי סרנגה,זאפה ירושלים,ירושלים,31.78847185,35.21879441
19.06,"נפגשים על הדשא - מופע מחווה לאריק איינשטיין, שלום חנוך ומאיר אריאל",הטרקלין,פרדס חנה,32.4752557,34.9826399
20.06,אייל גולן,אצטדיון בלומפילד,תל אביב,32.0852997,34.7818064
20.06,יוני פוליקר - מופע יווני,מועדון שבלול,תל אביב,32.0852997,34.7818064
20.06,אביהו פנחסוב,זאפה אמפי שוני,בנימינה,32.5202891,34.9435862
20.06,אומהגומה,היכל התרבות,בת ים,32.0154565,34.7505283
20.06,אהוד בנאי,בארבי,תל אביב,32.0852997,34.7818064
20.06,קרן פלס,מיני ישראל,לטרון,31.8303661,34.9645653
20.06,עדן חסון,אמפי פארק,קריית מוצקין,32.8363747,35.0752109
20.06,שמעון בוסקילה,זאפה הרצליה,הרצליה,32.1676842,34.83082794
20.06,דנה ברגר,אלמא מרכז אמנויות,זכרון יעקב,32.5711587,34.9529966
20.06,מתי כספי,זאפה ירושלים,ירושלים,31.78847185,35.21879441
20.06,עטר מיינר מופע 360,האנגר 11,תל אביב,32.0852997,34.7818064
20.06,עמיר בניון,גריי,יהוד,32.0331756,34.8907527
20.06,רוקוויל,זאפה תל אביב,תל אביב,32.0852997,34.7818064
20.06,הגר יפת,גריי,תל אביב,32.0852997,34.7818064
20.06,שולי רנד,גריי,מודיעין,31.89527805,34.98923113
21.06,בית הבובות,תיאטרון הבימה,תל אביב,32.0852997,34.7818064
21.06,בית הבובות,תיאטרון הבימה,תל אביב,32.0852997,34.7818064
21.06,גיא מזיג,זאפה הרצליה,הרצליה,32.1676842,34.83082794
21.06,אילנית,היכל התרבות,תל אביב,32.0852997,34.7818064
21.06,טריפונס,גריי,יהוד,32.0331756,34.8907527
21.06,התקווה 6,זאפה אמפי שוני,בנימינה,32.5202891,34.9435862
21.06,מועדון הקצב של אביהו פנחסוב,זאפה אמפי שוני,בנימינה,32.5202891,34.9435862
21.06,אייסוליישן בנד - מופע מהסרטים,מועדון שבלול,תל אביב,32.0852997,34.7818064
21.06,בלקן ביט בוקס,בארבי,תל אביב,32.0852997,34.7818064
21.06,שולי רנד,הפארק האקולוגי,הוד השרון,32.1561974,34.8930354
21.06,דני בסן - שר יענקל׳ה רוטבליט,הפארק האקולוגי,הוד השרון,32.1561974,34.8930354
21.06,המג'יקל בנד - מופע כפול הצדעה לביטלס + מופע שנות ה60 - שתי הופעות בכרטיס אחד,הוואנה מיוזיק קלאב,תל אביב,32.0852997,34.7818064
21.06,שם טוב לוי,גריי,תל אביב,32.0852997,34.7818064
21.06,שלמה גרוניך,זאפה תל אביב,תל אביב,32.0852997,34.7818064
21.06,שלמה גרוניך,זאפה תל אביב,תל אביב,32.0852997,34.7818064
21.06,פבלו רוזנברג,גריי,יהוד,32.0331756,34.8907527
21.06,אומהגומה,רידינג 3,תל אביב,32.0852997,34.7818064
22.06,ילדי בית העץ,זאפה הרצליה,הרצליה,32.1676842,34.83082794
22.06,מוש בן ארי,זאפה אמפי שוני,בנימינה,32.5202891,34.9435862
22.06,ליהי טולדנו,וונדרבר,חיפה,32.8191218,34.9983856
22.06,Summertime - מחווה לג'ניס ג'ופלין,מועדון שבלול,תל אביב,32.0852997,34.7818064
22.06,קרניבנד,המשכן לאמנויות הבמה,באר שבע,31.25088285,34.79128035
22.06,בית הבובות,תיאטרון הבימה,תל אביב,32.0852997,34.7818064
22.06,דודו טסה,אמפי,קיבוץ חצור,32.6400461,35.11429118
22.06,כרקוקלי,רידינג 3,תל אביב,32.0852997,34.7818064
22.06,להקת כנען,פאב הפרה,שבי ציון,32.980597,35.0832938
22.06,"נפגשים על הדשא - מופע מחווה לאריק איינשטיין, שלום חנוך ומאיר אריאל",בר גיורא,תל אביב,32.0852997,34.7818064
22.06,"מופע מחווה לאריק איינשטיין, שלום חנוך ומאיר אריאל",בר גיורא,תל אביב,32.0852997,34.7818064
22.06,אליעד נחום,זאפה הרצליה,הרצליה,32.1676842,34.83082794
22.06,רביד פלוטניק,גריי,מודיעין,31.89527805,34.98923113
22.06,רוקוויל - מחווה למדונה,גריי,יהוד,32.0331756,34.8907527
22.06,שימי תבורי,זאפה חיפה,חיפה,32.8191218,34.9983856
22.06,תומר ישעיהו,הצוללת הצהובה,ירושלים,31.78847185,35.21879441
23.06,בית הבובות,תיאטרון הבימה,תל אביב,32.0852997,34.7818064
23.06,חתול בשק,בארבי,תל אביב,32.0852997,34.7818064
24.06,בית הבובות,תיאטרון הבימה,תל אביב,32.0852997,34.7818064
24.06,חתול בשק,בארבי,תל אביב,32.0852997,34.7818064
24.06,בית הבובות,תיאטרון הבימה,תל אביב,32.0852997,34.7818064
24.06,אביתר בנאי,אודיטוריום,ירושלים,31.78847185,35.21879441
24.06,עדן חסון,אמפי,אשדוד,31.7977314,34.6529922
25.06,בית הבובות,תיאטרון הבימה,תל אביב,32.0852997,34.7818064
25.06,אריק סיני,היכל התרבות,תל אביב,32.0852997,34.7818064
25.06,ירדנה ארזי עם התזמורת האנדלוסית,היכל התרבות,נהריה,33.01676215,35.10178199
25.06,נערה ממש אוצר- משירי אריס סאן,היכל התרבות,אשקלון,31.6644874,34.5730157
25.06,פונץ' מארחת את איפה הילד,בארבי,תל אביב,32.0852997,34.7818064
25.06,אריק סיני,היכל התרבות,תל אביב,32.0852997,34.7818064
25.06,דודו אהרון,האנגר 11,תל אביב,32.0852997,34.7818064
25.06,אהוד בנאי,גריי,מודיעין,31.89527805,34.98923113
26.06,בית הבובות,תיאטרון הבימה,תל אביב,32.0852997,34.7818064
26.06,איציק קלה,היכל התרבות,נהריה,33.01676215,35.10178199
26.06,דריה: טריו אנדלוסי,מועדון שבלול,תל אביב,32.0852997,34.7818064
26.06,קולולם,אולם מופעים,קיבוץ גבעת ברנר,,
26.06,אביתר בנאי,בארבי,תל אביב,32.0852997,34.7818064
26.06,דני גידי וחברים,פארק רונה רמון,גן יבנה,31.787109,34.7096635
26.06,מארינה מקסימיליאן,זאפה אמפי שוני,בנימינה,32.5202891,34.9435862
26.06,דויד ברוזה,זאפה הרצליה,הרצליה,32.1676842,34.83082794
26.06,עינת שרוף,גריי,תל אביב,32.0852997,34.7818064
26.06,שימי תבורי,גריי,יהוד,32.0331756,34.8907527
27.06,שלמה ארצי,אמפי,אשדוד,31.7977314,34.6529922
27.06,אביתר בנאי,בארבי,תל אביב,32.0852997,34.7818064
27.06,שישיית גיא לוי - השקת אלבום,מועדון שבלול,תל אביב,32.0852997,34.7818064
27.06,תזמורת ירושלים מזרח ומערב עם טריפונס,בית העם,רחובות,31.8930644,34.80340933
27.06,תזמורת ירושלים מזרח ומערב עם טריפונס- טברנה יוונית ישראלית,בית העם,רחובות,31.8930644,34.80340933
27.06,פאר טסי,אמפי,קיסריה,32.505968,34.90621508
27.06,שולי רנד,אולם מופעים,קיבוץ גבעת ברנר,,
27.06,מוזס סי,המשכן לאמנויות הבמה,באר שבע,31.25088285,34.79128035
27.06,עברי לידר,מנורה מבטחים,תל אביב,32.0852997,34.7818064
27.06,חנן בן ארי,אמפי פארק,קריית מוצקין,32.8363747,35.0752109
27.06,תמיר בר,קלצ'ר,ראשון לציון,31.9635712,34.8101149
27.06,ירמי קפלן,מיוזיק סיטי,באר שבע,31.25088285,34.79128035
27.06,ג'ימבו ג'יי,הצוללת הצהובה,ירושלים,31.78847185,35.21879441
27.06,חיים משה,זאפה חיפה,חיפה,32.8191218,34.9983856
27.06,בועז שרעבי,גריי,מודיעין,31.89527805,34.98923113
27.06,הג'יפסי GREEK בחגיגה יוונית צוענית,גריי,יהוד,32.0331756,34.8907527
27.06,הג'יפסי GREEK בחגיגה יוונית צוענית,גריי,יהוד,32.0331756,34.8907527
27.06,חיים משה,זאפה ירושלים,ירושלים,31.78847185,35.21879441
27.06,הפיל הכחול,גריי,תל אביב,32.0852997,34.7818064
28.06,לאורה ריבלין - בעיר זרה,מועדון שבלול,תל אביב,32.0852997,34.7818064
28.06,גידי גוב,זאפה תל אביב,תל אביב,32.0852997,34.7818064
28.06,רוקוויל,גריי,מודיעין,31.89527805,34.98923113
28.06,ג'יין בורדו,גריי,מודיעין,31.89527805,34.98923113
28.06,נונו - NUNU,הפארק האקולוגי,הוד השרון,32.1561974,34.8930354
28.06,מארינה מקסימיליאן,זאפה אמפי שוני,בנימינה,32.5202891,34.9435862
28.06,מוניקה סקס,בארבי,תל אביב,32.0852997,34.7818064
28.06,חמישיית הגאז הישראלית -קול פורטר,מועדון שבלול,תל אביב,32.0852997,34.7818064
28.06,רוקוויל,זאפה תל אביב,תל אביב,32.0852997,34.7818064
28.06,The Jockers - מופע המחווה לג׳ו קוקר,הפארק האקולוגי,הוד השרון,32.1561974,34.8930354
28.06,דויד ברוזה,גריי,יהוד,32.0331756,34.8907527
28.06,רד בנד,זאפה הרצליה,הרצליה,32.1676842,34.83082794
29.06,עלמה זהר,זאפה חיפה,חיפה,32.8191218,34.9983856
29.06,אלון עדר,בארבי,תל אביב,32.0852997,34.7818064
29.06,עילי בוטנר וילדי החוץ,מנורה מבטחים,תל אביב,32.0852997,34.7818064
29.06,מחווה לבן וובסטר ואוסקר פיטרסון,מועדון שבלול,תל אביב,32.0852997,34.7818064
29.06,אנריקו מסיאס,תיאטרון ירושלים,ירושלים,31.78847185,35.21879441
29.06,פאר טסי,אמפי,קיסריה,32.505968,34.90621508
29.06,אנריקו מסיאס מארח את זהבה בן,תיאטרון ירושלים,ירושלים,31.78847185,35.21879441
29.06,שאזאמאט,רידינג 3,תל אביב,32.0852997,34.7818064
29.06,רוקוויל,גריי,מודיעין,31.89527805,34.98923113
29.06,אריק ברמן,גריי,תל אביב,32.0852997,34.7818064
30.06,נמרוד הראל,זאפה חיפה,חיפה,32.8191218,34.9983856
30.06,הפרויקט של רביבו,גריי,יהוד,32.0331756,34.8907527
1.07,אנריקו מסיאס,מרכז הקונגרסים,חיפה,32.8191218,34.9983856
1.07,מברודווי לישראל,בית יד לבנים,רעננה,32.1860244,34.8678359
1.07,רון עשהאל,בארבי,תל אביב,32.0852997,34.7818064
29.06,אנריקו מסיאס מארח את זהבה בן,תיאטרון ירושלים,ירושלים,31.78847185,35.21879441
29.06,אנריקו מסיאס,תיאטרון ירושלים,ירושלים,31.78847185,35.21879441
29.06,אריק ברמן,גריי,תל אביב,32.0852997,34.7818064
29.06,שאזאמאט,רידינג 3,תל אביב,32.0852997,34.7818064
29.06,רוקוויל,גריי,מודיעין,31.89527805,34.98923113
30.06,נמרוד הראל,זאפה חיפה,חיפה,32.8191218,34.9983856
30.06,הפרויקט של רביבו,גריי,יהוד,32.0331756,34.8907527
1.07,אנריקו מסיאס,מרכז הקונגרסים,חיפה,32.8191218,34.9983856
1.07,רון עשהאל,בארבי,תל אביב,32.0852997,34.7818064
1.07,מברודווי לישראל,בית יד לבנים,רעננה,32.1860244,34.8678359
1.07,פאר טסי,אמפי,קיסריה,32.505968,34.90621508
2.07,אנריקו מסיאס,המשכן לאמנויות הבמה,באר שבע,31.25088285,34.79128035
2.07,אביתר בנאי,תיאטרון גשר,תל אביב,32.0852997,34.7818064
2.07,חנן בן ארי,פארק רונה רמון,גן יבנה,31.787109,34.7096635
2.07,חיים איפרגן,זאפה חיפה,חיפה,32.8191218,34.9983856
3.07,התזמורת הסימפונית ירושלים - מטאור: אלכסנדר מלופייב - תל אביב,אוניברסיטת תל-אביב,תל אביב,32.0852997,34.7818064
3.07,טיפקס,בארבי,תל אביב,32.0852997,34.7818064
3.07,מוזס סי,היכל התרבות,פתח תקווה,32.0877639,34.8859985
3.07,פאר טסי,אמפי,קיסריה,32.505968,34.90621508
3.07,קובי אפללו,זאפה אמפי שוני,בנימינה,32.5202891,34.9435862
3.07,יושי,הצוללת הצהובה,ירושלים,31.78847185,35.21879441
3.07,קולולם,גריי,תל אביב,32.0852997,34.7818064
3.07,אלון אולארצ'יק ותזמורת הג'אז הישראלית,זאפה חיפה,חיפה,32.8191218,34.9983856
3.07,עמיר בניון,גריי,מודיעין,31.89527805,34.98923113
4.07,מברודווי לישראל,בית יד לבנים,רעננה,32.1860244,34.8678359
4.07,רביד פלוטניק,אמפי,אשדוד,31.7977314,34.6529922
4.07,בניה ברבי,אמפי,קיסריה,32.505968,34.90621508
4.07,עדן חסון,אמפי פארק,באר שבע,31.25088285,34.79128035
4.07,שומרי המלכה - המחווה הטובה בארץ לקווין ופרדי מרקיורי,תיאטרון המסילה,פתח תקווה,32.0877639,34.8859985
4.07,תיסלם,מיני ישראל,לטרון,31.8303661,34.9645653
4.07,רותם כהן,האנגר 11,תל אביב,32.0852997,34.7818064
4.07,לולה מארש,זאפה חיפה,חיפה,32.8191218,34.9983856
4.07,ירמי קפלן,גריי,תל אביב,32.0852997,34.7818064
4.07,יובל דיין,גריי,מודיעין,31.89527805,34.98923113
4.07,שלומי סרנגה מארח את מושיק עפיה,גריי,יהוד,32.0331756,34.8907527
5.07,"הקבינט הנשי - מיקי קם, משי קליינשטיין, טלי אורן",בית ציוני אמריקה,תל אביב,32.0852997,34.7818064
5.07,הגבעטרון,זאפה תל אביב,תל אביב,32.0852997,34.7818064
5.07,הפרויקט של רביבו,האנגר 11,תל אביב,32.0852997,34.7818064
5.07,ליאור סושרד,גריי,מודיעין,31.89527805,34.98923113
5.07,נורית גלרון,זאפה אמפי שוני,בנימינה,32.5202891,34.9435862
5.07,הגרשונים - סימני דרך,תיאטרון יד למגינים,קיבוץ יגור,,
5.07,המחווה לפול מקרטני - הסיקסטיז,הוואנה מיוזיק קלאב,תל אביב,32.0852997,34.7818064
5.07,ליאור סושרד,גריי,יהוד,32.0331756,34.8907527
6.07,טונה,בארבי,תל אביב,32.0852997,34.7818064
6.07,היהודים,אמפי,קיסריה,32.505968,34.90621508
6.07,רוקפור,זאפה אמפי שוני,בנימינה,32.5202891,34.9435862
6.07,מברודווי לישראל,בית יד לבנים,רעננה,32.1860244,34.8678359
6.07,חזי דין,גריי,תל אביב,32.0852997,34.7818064
6.07,רוקוויל - מחווה לדפש מוד,זאפה חיפה,חיפה,32.8191218,34.9983856
7.07,יואב יצחק,היכל התרבות,נס ציונה,31.923249,34.79666605
8.07,נסרין קדרי,אמפי,קיסריה,32.505968,34.90621508
9.07,"נפגשים על הדשא - מופע מחווה לאריק איינשטיין, שלום חנוך ומאיר אריאל",הספריה העירונית,קריית אונו,32.0591691,34.8594303
9.07,טדי נגוסה,בארבי,תל אביב,32.0852997,34.7818064
9.07,נמרוד הראל,גריי,יהוד,32.0331756,34.8907527
9.07,חן אהרוני,גריי,תל אביב,32.0852997,34.7818064
10.07,ערן צור,בארבי,תל אביב,32.0852997,34.7818064
10.07,גלי עטרי,היכל התרבות,תל אביב,32.0852997,34.7818064
10.07,דיקלה,זאפה אמפי שוני,בנימינה,32.5202891,34.9435862
10.07,שימי תבורי,גריי,תל אביב,32.0852997,34.7818064
10.07,שולי רנד,גריי,יהוד,32.0331756,34.8907527
11.07,גיא ויהל,פאב הפרה,שבי ציון,32.980597,35.0832938
11.07,מוזס סי,היכל התרבות,רחובות,31.8930644,34.80340933
11.07,חנן בן ארי,בריכת הסולטן,ירושלים,31.78847185,35.21879441
11.07,פול טראנק,בארבי,תל אביב,32.0852997,34.7818064
11.07,עקיבא,אמפי,קיסריה,32.505968,34.90621508
11.07,ג'יין בורדו,מרכז תרבות,קיבוץ עין השופט,,
11.07,אביתר בנאי,אמפי,קיבוץ חצור,32.6400461,35.11429118
11.07,תיסלם,מיני ישראל,לטרון,31.8303661,34.9645653
11.07,קרן פלס,זאפה אמפי שוני,בנימינה,32.5202891,34.9435862
11.07,גיא מזיג,זאפה תל אביב,תל אביב,32.0852997,34.7818064
11.07,ישי לוי,גריי,יהוד,32.0331756,34.8907527
11.07,איציק קלה,זאפה ירושלים,ירושלים,31.78847185,35.21879441
11.07,חיים איפרגן,גריי,מודיעין,31.89527805,34.98923113
12.07,משה להב,בית העם,רחובות,31.8930644,34.80340933
12.07,ירדנה ארזי ואודיה קורן,זאפה תל אביב,תל אביב,32.0852997,34.7818064
12.07,שפיטה,גריי,תל אביב,32.0852997,34.7818064
12.07,שלום חנוך,בארבי,תל אביב,32.0852997,34.7818064
12.07,מוזס סי,היכל אמנויות הבמה,הרצליה,32.1676842,34.83082794
12.07,מופע להיטי העשורים בשרשרת - להקת live,הוואנה מיוזיק קלאב,תל אביב,32.0852997,34.7818064
12.07,רד בנד,גריי,יהוד,32.0331756,34.8907527
12.07,עינת שרוף,גריי,יהוד,32.0331756,34.8907527
13.07,ענן על מקל,גריי,תל אביב,32.0852997,34.7818064
13.07,טונה,בארבי,תל אביב,32.0852997,34.7818064
13.07,ריקי גל,היכל התרבות,תל אביב,32.0852997,34.7818064
13.07,אמיר דדון,זאפה אמפי שוני,בנימינה,32.5202891,34.9435862
13.07,אמיר דדון,זאפה אמפי שוני,בנימינה,32.5202891,34.9435862
13.07,מאור כהן,זאפה הרצליה,הרצליה,32.1676842,34.83082794
13.07,יסמין מועלם,אמפי,קיסריה,32.505968,34.90621508
13.07,רוקוויל,גריי,יהוד,32.0331756,34.8907527
13.07,יזהר אשדות,גריי,מודיעין,31.89527805,34.98923113
14.07,עמיר לב,בארבי,תל אביב,32.0852997,34.7818064
15.07,שי המבר,בארבי,תל אביב,32.0852997,34.7818064
15.07,יואב יצחק,גריי,יהוד,32.0331756,34.8907527
16.07,קרניבנד במופע מחווה QUEEN+ABBA,תיאטרון היהלום,רמת גן,32.0686867,34.8246812
16.07,יושי,זאפה הרצליה,הרצליה,32.1676842,34.83082794
16.07,הפרויקט של רביבו,גריי,מודיעין,31.89527805,34.98923113
17.07,D.N.A - מיומנה לכל המשפחה,סינמה סיטי גלילות,רמת השרון,32.1348552,34.8301995
17.07,כנסיית השכל,בארבי,תל אביב,32.0852997,34.7818064
17.07,אהוד בנאי,זאפה אמפי שוני,בנימינה,32.5202891,34.9435862
17.07,דויד ברוזה,גריי,מודיעין,31.89527805,34.98923113
17.07,אריאל זילבר,גריי,יהוד,32.0331756,34.8907527
18.07,בית הבובות,תיאטרון הבימה,תל אביב,32.0852997,34.7818064
18.07,ג'ירפות,בארבי,תל אביב,32.0852997,34.7818064
18.07,קרניבנד במופע מחווה QUEEN+ABBA,היכל התרבות,חוף הכרמל,32.8056871,34.95517565
18.07,שלמה ארצי,אמפי,מבשרת ציון,31.8057198,35.152731
18.07,אסף אמדורסקי,בית גבריאל,כנרת,31.7820141,34.6281732
18.07,יושי,פאב הפינה,קיבוץ חמדיה,,
18.07,בר צברי,זאפה אמפי שוני,בנימינה,32.5202891,34.9435862
18.07,יואב יצחק,אודיטוריום,ירושלים,31.78847185,35.21879441
18.07,כנסיית השכל,גוונים,מועצה אזורית מנשה,32.46009615,35.01351134
18.07,שלומי שבן והפסנתר,הפארק האקולוגי,הוד השרון,32.1561974,34.8930354
18.07,דויד ברוזה,גריי,מודיעין,31.89527805,34.98923113
19.07,בית הבובות,תיאטרון הבימה,תל אביב,32.0852997,34.7818064
19.07,גידי גוב,זאפה חיפה,חיפה,32.8191218,34.9983856
19.07,סינגולדה,זאפה תל אביב,תל אביב,32.0852997,34.7818064
19.07,שלמה גרוניך מופע פסנתר,הפארק האקולוגי,הוד השרון,32.1561974,34.8930354
19.07,דני רובס,זאפה אמפי שוני,בנימינה,32.5202891,34.9435862
19.07,התקווה 6,בארבי,תל אביב,32.0852997,34.7818064
19.07,מופע הימנוני רוק 90s - להקת פתי בנד,הוואנה מיוזיק קלאב,תל אביב,32.0852997,34.7818064
19.07,רוקוויל - מחווה לאבבא,גריי,יהוד,32.0331756,34.8907527
20.07,משה להב,פאב הפרה,שבי ציון,32.980597,35.0832938
20.07,החברים של נטאשה,בארבי,תל אביב,32.0852997,34.7818064
20.07,רן דנקר,אמפי,קיסריה,32.505968,34.90621508
20.07,ג'יין בורדו,D-one,דרום השרון,32.1335768,34.9109739
20.07,בית הבובות,תיאטרון הבימה,תל אביב,32.0852997,34.7818064
20.07,קרניבנד ותזמורת סימפונט רעננה במופע מחווה QUEEN+ABBA,היכל התרבות,כרמיאל,32.9159104,35.293429
20.07,רביב כנר,זאפה אמפי שוני,בנימינה,32.5202891,34.9435862
20.07,אריק ברמן,גריי,מודיעין,31.89527805,34.98923113
20.07,אלון אולארצ'יק ותזמורת הג'אז הישראלית,גריי,יהוד,32.0331756,34.8907527
21.07,נרקיס,בארבי,תל אביב,32.0852997,34.7818064
21.07,קובי אפללו,היכל התרבות,נהריה,33.01676215,35.10178199
22.07,חיים משה,גריי,יהוד,32.0331756,34.8907527
23.07,החברים של נטאשה,בארבי,תל אביב,32.0852997,34.7818064
23.07,מתי כספי,גריי,מודיעין,31.89527805,34.98923113
24.07,נורית גלרון,היכל התרבות,מודיעין,31.89527805,34.98923113
24.07,ווקה פיפל,זאפה הרצליה,הרצליה,32.1676842,34.83082794
24.07,עינת שרוף,גריי,תל אביב,32.0852997,34.7818064
25.07,יהודה פוליקר ותיסלם,אמפי,קיסריה,32.505968,34.90621508
25.07,"מופע מחווה לאריק איינשטיין, שלום חנוך ומאיר אריאל",בר גיורא,תל אביב,32.0852997,34.7818064
25.07,מוזס סי,היכל התרבות,נתניה,32.3286181,34.8566246
25.07,מוזס סי,היכל התרבות,נתניה,32.3286181,34.8566246
25.07,איפה הילד,בארבי,תל אביב,32.0852997,34.7818064
25.07,כנסיית השכל,הפארק האקולוגי,הוד השרון,32.1561974,34.8930354
25.07,רד בנד,זאפה חיפה,חיפה,32.8191218,34.9983856
25.07,רוקוויל,גריי,תל אביב,32.0852997,34.7818064
26.07,הגבעטרון,זאפה הרצליה,הרצליה,32.1676842,34.83082794
26.07,מרסדס בנד,בארבי,תל אביב,32.0852997,34.7818064
26.07,מתי כספי,זאפה אמפי שוני,בנימינה,32.5202891,34.9435862
26.07,מאור כהן,גריי,יהוד,32.0331756,34.8907527
27.07,מוניקה סקס,זאפה אמפי שוני,בנימינה,32.5202891,34.9435862
27.07,יהודה פוליקר,זאפה הרצליה,הרצליה,32.1676842,34.83082794
27.07,לייב אייד Live Aid - מופע הענק משנות ה-80,גריי,יהוד,32.0331756,34.8907527
27.07,רוקוויל - מחווה לדפש מוד,זאפה חיפה,חיפה,32.8191218,34.9983856
29.07,בית הבובות,תיאטרון הבימה,תל אביב,32.0852997,34.7818064
30.07,בית הבובות,תיאטרון הבימה,תל אביב,32.0852997,34.7818064
30.07,"שב""ק ס",אמפי,קיסריה,32.505968,34.90621508
30.07,נמרוד הראל,גריי,תל אביב,32.0852997,34.7818064
30.07,נמרוד הראל,גריי,תל אביב,32.0852997,34.7818064
31.07,בית הבובות,תיאטרון הבימה,תל אביב,32.0852997,34.7818064
31.07,תמיר בר,בארבי,תל אביב,32.0852997,34.7818064
1.08,צוותא - מופע המחווה לשלמה ארצי,בר גיורא,תל אביב,32.0852997,34.7818064
1.08,מופע המחווה לשלמה ארצי,בר גיורא,תל אביב,32.0852997,34.7818064
1.08,עטר מיינר,בארבי,תל אביב,32.0852997,34.7818064
1.08,שלמה ארצי,אמפי,קיסריה,32.505968,34.90621508
1.08,שליחי הבלוז - מופע המחווה ל ELO,הפארק האקולוגי,הוד השרון,32.1561974,34.8930354
1.08,אריק סיני,זאפה ירושלים,ירושלים,31.78847185,35.21879441
1.08,רוקוויל - מחווה לאבבא,גריי,מודיעין,31.89527805,34.98923113
1.08,עלמה גוב,הצוללת הצהובה,ירושלים,31.78847185,35.21879441
1.08,טריפונס,גריי,יהוד,32.0331756,34.8907527
2.08,ווקה פיפל,זאפה חיפה,חיפה,32.8191218,34.9983856
2.08,שם טוב לוי,גריי,יהוד,32.0331756,34.8907527
3.08,ליילי,בארבי,תל אביב,32.0852997,34.7818064
3.08,גידי גוב,גריי,יהוד,32.0331756,34.8907527
8.08,נמרוד הראל,גריי,יהוד,32.0331756,34.8907527
9.08,דודו טסה,גריי,מודיעין,31.89527805,34.98923113
9.08,B*STING (בי סטינג) – מחווה לסטינג ופוליס,הוואנה מיוזיק קלאב,תל אביב,32.0852997,34.7818064
10.08,יוני בלוך,בארבי,תל אביב,32.0852997,34.7818064
10.08,עלמה גוב,וונדרבר,חיפה,32.8191218,34.9983856
14.08,זהו זה!,אמפי,קיסריה,32.505968,34.90621508
14.08,יואב יצחק,זאפה ירושלים,ירושלים,31.78847185,35.21879441
15.08,חנן בן ארי,אמפי פארק,באר שבע,31.25088285,34.79128035
15.08,זהו זה!,אמפי,קיסריה,32.505968,34.90621508
15.08,חנן בן ארי,אמפי פארק,באר שבע,31.25088285,34.79128035
15.08,אלון אולארצ'יק,היכל התרבות,תל אביב,32.0852997,34.7818064
15.08,רד בנד,גריי,מודיעין,31.89527805,34.98923113
15.08,שולי רנד,זאפה הרצליה,הרצליה,32.1676842,34.83082794
15.08,רוקוויל,גריי,יהוד,32.0331756,34.8907527
15.08,איציק קלה,זאפה חיפה,חיפה,32.8191218,34.9983856
15.08,אריאל זילבר,גריי,תל אביב,32.0852997,34.7818064
16.08,הדג נחש,בארבי,תל אביב,32.0852997,34.7818064
16.08,אריאל זילבר,גריי,תל אביב,32.0852997,34.7818064
16.08,ביטלמניה- מופע קיץ עם אורחים מיוחדים !,הפארק האקולוגי,הוד השרון,32.1561974,34.8930354
16.08,בחזרה לעונת התפוזים - להקת שבלול,הוואנה מיוזיק קלאב,תל אביב,32.0852997,34.7818064
17.08,התקווה 6,זאפה אמפי שוני,בנימינה,32.5202891,34.9435862
17.08,עלמה גוב,בארבי,תל אביב,32.0852997,34.7818064
17.08,רביב כנר,גריי,מודיעין,31.89527805,34.98923113
18.08,ליאור נרקיס,מנורה מבטחים,תל אביב,32.0852997,34.7818064
18.08,"נפגשים על הדשא - מופע מחווה לאריק איינשטיין, שלום חנוך ומאיר אריאל",גריי בר,תל אביב,32.0852997,34.7818064
18.08,"מופע מחווה לאריק איינשטיין, שלום חנוך ומאיר אריאל",גריי,תל אביב,32.0852997,34.7818064
20.08,חנן בן ארי,אמפי,בית גוברין,31.5979099,34.8976497
21.08,אלביס - להקת מוזס סי,היכל התרבות,נתניה,32.3286181,34.8566246
21.08,נינט טייב,בארבי,תל אביב,32.0852997,34.7818064
21.08,דיקלה,זאפה אמפי שוני,בנימינה,32.5202891,34.9435862
22.08,יהורם גאון,אמפי פארק,רעננה,32.1860244,34.8678359
22.08,קרניבנד ותזמורת סימפונט רעננה במופע מחווה QUEEN+ABBA,היכל התרבות,רחובות,31.8930644,34.80340933
22.08,"נפגשים על הדשא - מופע מחווה לאריק איינשטיין, שלום חנוך ומאיר אריאל",גולה,פתח תקווה,32.0877639,34.8859985
22.08,יוני רכטר,גריי,תל אביב,32.0852997,34.7818064
22.08,יושי,הצוללת הצהובה,ירושלים,31.78847185,35.21879441
22.08,שלומי סרנגה מארח את מושיק עפיה,גריי,מודיעין,31.89527805,34.98923113
23.08,אתניקס,בארבי,תל אביב,32.0852997,34.7818064
23.08,פארטי – המחווה ללהיטים הגדולים בכל הזמנים,הוואנה מיוזיק קלאב,תל אביב,32.0852997,34.7818064
23.08,דני סנדרסון,גריי,יהוד,32.0331756,34.8907527
26.08,סאבלימינל,בארבי,תל אביב,32.0852997,34.7818064
27.08,יהורם גאון,אמפי,אשדוד,31.7977314,34.6529922
27.08,אביתר בנאי,בארבי,תל אביב,32.0852997,34.7818064
28.08,חנן בן ארי,אמפי,מבשרת ציון,31.8057198,35.152731
29.08,אלביס - להקת מוזס סי,בית העם,רחובות,31.8930644,34.80340933
30.08,ננסי ברנדס ודודו פישר,היכל התיאטרון,קריית מוצקין,32.8363747,35.0752109
30.08,בר צברי,גריי,מודיעין,31.89527805,34.98923113
30.08,מחווה לג'ניס ג'ופלין - ג'אם אנד ג'ופלין,הוואנה מיוזיק קלאב,תל אביב,32.0852997,34.7818064
30.08,רוקוויל,גריי,יהוד,32.0331756,34.8907527
31.08,לולה מארש,בארבי,תל אביב,32.0852997,34.7818064
31.08,רוקוויל,גריי,תל אביב,32.0852997,34.7818064
3.09,חנן בן ארי,אמפי,קיסריה,32.505968,34.90621508
4.09,ירמי קפלן,זאפה אמפי שוני,בנימינה,32.5202891,34.9435862
4.09,חנן בן ארי,אמפי,קיסריה,32.505968,34.90621508
4.09,מארק אליהו,גריי,מודיעין,31.89527805,34.98923113
5.09,קרניבנד,היכל התרבות,בת ים,32.0154565,34.7505283
5.09,דודו פישר,היכל התיאטרון,קריית מוצקין,32.8363747,35.0752109
5.09,קרניבנד במופע מחווה QUEEN+ABBA,היכל התרבות,בת ים,32.0154565,34.7505283
10.09,חנן בן ארי,אמפי,אשדוד,31.7977314,34.6529922
11.09,הג'יפסי GREEK בחגיגה יוונית צוענית,גריי,מודיעין,31.89527805,34.98923113
12.09,קרניבנד,היכל התרבות,מעלות תרשיחא,33.01429305,35.2800296
12.09,מוזס סי,היכל התרבות,פתח תקווה,32.0877639,34.8859985
12.09,חזי דין,היכל התרבות,יבנה,31.8768863,34.7382974
12.09,דני גידי וחברים,אמפי פארק,קריית מוצקין,32.8363747,35.0752109
13.09,רד בנד,גריי,יהוד,32.0331756,34.8907527
14.09,טונה,בארבי,תל אביב,32.0852997,34.7818064
19.09,נעם חורב,היכל התיאטרון,קריית מוצקין,32.8363747,35.0752109
19.09,לחיות מתוך שמחה,בית ציוני אמריקה,תל אביב,32.0852997,34.7818064
